---
title: 集合运算
date: 2024-01-21 22:35:19
permalink: /pages/341c96/
categories:
  - 计算机基础
  - MySQL
tags:
  - 
---
# 190.集合运算

　　之前我们学习的SQL都是仅仅针对一张表的查询，接下来我们开始学习2张及以上的表的SQL语句。

　　‍

　　‍

## 什么是集合运算

　　集合在数学领域表示“（各种各样的）事物的总和”，在数据库领域表示记录的集合 。具体来说，表、视图和查询的执行结果都是记录的集合。

　　所谓集合运算，就是对满足同一规则的记录进行的加减等四则运算。通过集合运算，可以得到两张表中记录的集合或者公共记录的集合，又或者其中某张表中的记录的集合。像这样用来进行集合运算的运算符称为集合运算符 。

　　‍

　　‍

　　‍

## union：并集

　　我们新建一个表（结构和Product一样）进行测试：

```sql
CREATE TABLE Product2
(product_id     CHAR(4)      NOT NULL,
 product_name   VARCHAR(100) NOT NULL,
 product_type   VARCHAR(32)  NOT NULL,
 sale_price     INTEGER      ,
 purchase_price INTEGER      ,
 regist_date    DATE         ,
 PRIMARY KEY (product_id));


-- 插入数据：
INSERT INTO Product2 VALUES ('0001', 'T恤衫' ,'衣服', 1000, 500, '2008-09-20');
INSERT INTO Product2 VALUES ('0002', '打孔器', '办公用品', 500, 320, '2009-09-11');
INSERT INTO Product2 VALUES ('0003', '运动T恤', '衣服', 4000, 2800, NULL);
INSERT INTO Product2 VALUES ('0009', '手套', '衣服', 800, 500, NULL);
INSERT INTO Product2 VALUES ('0010', '水壶', '厨房用具', 2000, 1700, '2009-09-20');

```

　　‍

　　注意编号为“0009 ”的“手套”和“0010 ”的“水壶”是 Product 表中没有的商品。

　　‍

　　接下来我们开始进行并集：

```sql
SELECT product_id, product_name
  FROM Product
UNION
SELECT product_id, product_name
  FROM Product2;

--结果：
+------------+--------------+
| product_id | product_name |
+------------+--------------+
| 0001       | T恤衫        |
| 0002       | 打孔器       |
| 0003       | 运动T恤      |
| 0004       | 菜刀         |
| 0005       | 高压锅       |
| 0006       | 叉子         |
| 0007       | 擦菜板       |
| 0008       | 圆珠笔       |
| 0009       | 手套         |
| 0010       | 水壶         |
+------------+--------------+
10 rows in set (0.00 sec)
```

　　‍

　　‍

　　上述结果包含了两张表中的全部商品。这就是我们在学校学过的集合中的并集运算，文氏图：

　　![00119](https://image.peterjxl.com/blog/Image00119-20230925111255-c5jv4kt.gif)

　　商品编号为“0001 ”~“0003 ”的 3 条记录在两个表中都存在，因此大家可能会认为结果中会出现重复的记录，但是 UNION 等集合运算符通常都会除去重复的记录。

　　‍

　　‍

## union all：包含重复行的集合运算

　　接下来给大家介绍在 UNION 的结果中保留重复行的语法。其实非常简单，只需要在 UNION 后面添加 ALL 关键字就可以了。这里的 ALL 选项，在 UNION 之外的集合运算符中同样可以使用

```sql
SELECT product_id, product_name
  FROM Product
UNION ALL
SELECT product_id, product_name
  FROM Product2;

-- 结果：
+------------+--------------+
| product_id | product_name |
+------------+--------------+
| 0001       | T恤衫        |
| 0002       | 打孔器       |
| 0003       | 运动T恤      |
| 0004       | 菜刀         |
| 0005       | 高压锅       |
| 0006       | 叉子         |
| 0007       | 擦菜板       |
| 0008       | 圆珠笔       |
| 0001       | T恤衫        |
| 0002       | 打孔器       |
| 0003       | 运动T恤      |
| 0009       | 手套         |
| 0010       | 水壶         |
+------------+--------------+
13 rows in set (0.00 sec)

```

　　可以看到有重复的记录（T恤，打孔器，运动T恤）

　　‍

　　‍

## intersect：交集

　　intersect用于选取两个记录集合中的公共部分：

```sql
SELECT product_id, product_name
  FROM Product
INTERSECT
SELECT product_id, product_name
  FROM Product2
ORDER BY product_id;


-- 结果：
+------------+--------------+
| product_id | product_name |
+------------+--------------+
| 0001       | T恤衫        |
| 0002       | 打孔器       |
| 0003       | 运动T恤      |
+------------+--------------+
3 rows in set (0.00 sec)
```

　　‍

　　‍

　　结果中只包含两张表中记录的公共部分，文氏图如下

　　![00121](https://image.peterjxl.com/blog/Image00121-20230925111947-n5c3eyd.gif)

　　‍

　　‍

　　‍

　　‍

　　‍

## except：差集

　　示例：

```sql

SELECT product_id, product_name
  FROM Product
EXCEPT
SELECT product_id, product_name
  FROM Product2
ORDER BY product_id;

-- 结果：
+------------+--------------+
| product_id | product_name |
+------------+--------------+
| 0004       | 菜刀         |
| 0005       | 高压锅       |
| 0006       | 叉子         |
| 0007       | 擦菜板       |
| 0008       | 圆珠笔       |
+------------+--------------+
5 rows in set (0.00 sec)
```

　　‍

　　结果中只包含 Product 表中记录除去 Product2 表中记录之后的剩余部分，文氏图：

　　![00122](https://image.peterjxl.com/blog/Image00122-20230925112031-ibl9b4e.gif)

　　‍

　　‍

　　注意：Oracle中使用的是MINUS，而不是except

　　‍

　　‍

## 集合运算注意事项

　　注意事项① ——作为运算对象的记录的列数必须相同

　　例如，像下面这样，一部分记录包含 2 列，另一部分记录包含 3 列时会发生错误，无法进行加法运算。

```SQL
-- 列数不一致时会发生错误
SELECT product_id, product_name
  FROM Product
UNION
SELECT product_id, product_name, sale_price
  FROM Product2;
```

　　‍

---

　　‍

　　‍

　　注意事项②——作为运算对象的记录中列的类型必须一致

　　从左侧开始，相同位置上的列必须是同一数据类型。例如下面的 SQL 语句，虽然列数相同，但是第 2 列的数据类型并不一致（一个是数值类型，一个是日期类型），因此会发生错误 。

```SQL
-- 数据类型不一致时会发生错误
SELECT product_id, sale_price
  FROM Product
UNION
SELECT product_id, regist_date
  FROM Product2;
```

　　一定要使用不同数据类型的列时，可以使用 6-1 节中的类型转换函数 CAST 。

---

　　‍

　　注意事项③——可以使用任何 SELECT 语句，但 ORDER BY 子句只能在最后使用一次

　　通过 UNION 进行并集运算时可以使用任何形式的 SELECT 语句，之前学过的 WHERE 、GROUP BY 、HAVING 等子句都可以使用。但是 ORDER BY 只能在最后使用一次：

```SQL
SELECT product_id, product_name
  FROM Product
 WHERE product_type = '厨房用具'
UNION
SELECT product_id, product_name
  FROM Product2
 WHERE product_type = '厨房用具'
ORDER BY product_id;
```

　　‍

## 小结

　　中我们学习了以下 3 个集合运算符：

* UNION （并集）
* EXCEPT （差集）
* INTERSECT （交集）

　　并集可以理解为加法，而交集可以理解为减法，那集合运算有无乘法、除法呢？

　　也是有的，下篇文章就是介绍联结运算的，最后讲的内容就是乘法；

　　而除法比较复杂，并且目前也没引入SQL标准，实现起来比较麻烦，这里暂且不表。

> 提示：除法可以用减法来实现，例如6 / 2 = 3，那么 6 减去 2，减3次结果为0，那么商就是3

　　‍

　　（完）
